{"keys":{"engines":13,"places":10},"places":{"id-5":{"name":"Salon"},"id-6":{"name":"Cuisine"},"id-9":{"name":"Chambre"},"id-10":{"name":"Garage"}},"engines":{"id-10":{"picture":"pictures\/lapin.jpg","type":"0","name":"Lapin","code":"0","state":"on","description":"Lampe lapin situ&eacute;e c&ocirc;t&eacute; gauche du lit","place":"id-9"},"id-11":{"picture":"pictures\/ventilateur.jpg","type":"0","name":"Ventilateur","code":"1","state":"on","description":"Ventilateur sur pied en face du lit","place":"id-9"},"id-13":{"picture":"","name":"Sonde salon","code":"10","state":"+15","description":"Temperature du salon","place":"id-9","type":"1"}},"1":"on","":"off","0":"on","10":"on"}