{"keys":{"engines":11,"places":10},"places":{"id-5":{"name":"Salon"},"id-6":{"name":"Cuisine"},"id-9":{"name":"Chambre"},"id-10":{"name":"Garage"}},"engines":{"id-10":{"picture":"pictures\/lapin.jpg","name":"Lapin","code":"0","state":"off","description":"Lampe lapin situ&eacute;e c&ocirc;t&eacute; gauche du lit","place":"id-9"},"id-11":{"picture":"pictures\/ventilateur.jpg","name":"Ventilateur","code":"1","state":"off","description":"Ventilateur sur pied en face du lit","place":"id-9"}},"1":"on","":"off","0":"off"}